{
	"IcoMoonType": "selection",
	"icons": [
		{
			"icon": {
				"paths": [
					"M288 938.667c0-46.976 38.485-85.376 85.461-85.376h277.12c46.933 0 85.419 38.4 85.419 85.376 0 46.933-38.485 85.333-85.419 85.333h-277.12c-46.976 0-85.461-38.4-85.461-85.333zM288 725.291c0 47.019 38.485 85.419 85.461 85.419h277.12c46.933 0 85.419-38.4 85.419-85.419 0-46.891-38.485-85.291-85.419-85.291h-277.12c-46.976 0-85.461 38.357-85.461 85.291zM650.581 0c-47.104 0-85.12 38.229-85.12 85.291v138.923l-120.576-185.387c-0.213-0.171-0.384-0.512-0.384-0.683-0.299-0.384-0.597-0.768-0.896-1.024-3.072-4.693-6.229-8.619-9.685-11.861-0.427-0.299-0.555-0.555-0.939-0.939-0.427-0.213-0.555-0.555-0.939-0.853-15.403-14.507-35.925-23.467-58.581-23.467-47.189 0-85.461 38.229-85.461 85.291v426.709c0 47.147 38.272 85.248 85.461 85.248 47.061 0 85.077-38.101 85.077-85.248v-138.752l120.576 185.216c0.256 0.299 0.384 0.597 0.469 0.811 0.213 0.341 0.469 0.555 0.725 0.896 3.2 4.651 6.357 8.619 9.856 11.989 0.341 0.128 0.341 0.469 0.683 0.597 0.555 0.469 0.811 0.853 1.323 1.195 15.317 14.421 35.84 23.296 58.411 23.296 47.147 0 85.419-38.101 85.419-85.248v-426.709c0-47.061-38.229-85.291-85.419-85.291z"
				],
				"attrs": [
					{
						"visibility": false
					}
				],
				"grid": 0,
				"tags": [
					"naturalis"
				]
			},
			"attrs": [
				{
					"visibility": false
				}
			],
			"properties": {
				"order": 1,
				"id": 38,
				"prevSize": 24,
				"code": 58880,
				"name": "naturalis"
			},
			"setIdx": 0,
			"iconIdx": 0
		},
		{
			"icon": {
				"paths": [
					"M810.667 554.667h128l-405.333-426.667-405.333 426.667h128v341.333h213.333v-256h128v256h213.333z"
				],
				"attrs": [
					{
						"visibility": false
					}
				],
				"grid": 0,
				"tags": [
					"home"
				]
			},
			"attrs": [
				{
					"visibility": false
				}
			],
			"properties": {
				"order": 2,
				"id": 40,
				"prevSize": 24,
				"code": 58881,
				"name": "home"
			},
			"setIdx": 0,
			"iconIdx": 1
		},
		{
			"icon": {
				"paths": [
					"M384 768c-211.712 0-384-172.245-384-384s172.288-384 384-384 384 172.288 384 384-172.288 384-384 384zM384 85.333c-164.693 0-298.667 133.973-298.667 298.667 0 164.651 133.973 298.667 298.667 298.667s298.667-133.973 298.667-298.667c0-164.651-133.973-298.667-298.667-298.667z",
					"M721.68 600.991l277.319 277.319-120.678 120.678-277.319-277.319 120.678-120.678z"
				],
				"attrs": [
					{
						"visibility": false
					},
					{
						"visibility": false
					}
				],
				"grid": 0,
				"tags": [
					"search"
				]
			},
			"attrs": [
				{
					"visibility": false
				},
				{
					"visibility": false
				}
			],
			"properties": {
				"order": 3,
				"id": 37,
				"prevSize": 24,
				"code": 58882,
				"name": "search"
			},
			"setIdx": 0,
			"iconIdx": 2
		},
		{
			"icon": {
				"paths": [
					"M570.752 737.067h-128v-257.792l62.507-1.451c92.928-2.176 152.917-58.283 152.917-142.933 0-69.077-39.808-142.933-151.424-142.933-46.080 0-80.171 12.203-104.192 37.333-31.744 33.195-41.259 84.181-39.765 117.717l-127.915 5.632c-2.688-61.611 15.659-149.589 75.221-211.797 48.128-50.261 116.096-76.843 196.651-76.843 164.48 0 279.424 111.403 279.424 270.933 0 134.997-85.931 236.672-215.424 263.808v138.325z",
					"M597.333 874.667c0 47.104-38.187 85.333-85.333 85.333v0c-47.147 0-85.333-38.229-85.333-85.333v0c0-47.104 38.187-85.333 85.333-85.333v0c47.147 0 85.333 38.229 85.333 85.333v0z"
				],
				"attrs": [
					{
						"visibility": false
					},
					{
						"visibility": false
					}
				],
				"grid": 0,
				"tags": [
					"help"
				]
			},
			"attrs": [
				{
					"visibility": false
				},
				{
					"visibility": false
				}
			],
			"properties": {
				"order": 4,
				"id": 41,
				"prevSize": 24,
				"code": 58883,
				"name": "help"
			},
			"setIdx": 0,
			"iconIdx": 3
		},
		{
			"icon": {
				"paths": [
					"M213.333 128h597.333v128h-597.333v-128z",
					"M213.333 426.667h597.333v128h-597.333v-128z",
					"M213.333 725.333h597.333v128h-597.333v-128z"
				],
				"attrs": [
					{
						"visibility": false
					},
					{
						"visibility": false
					},
					{
						"visibility": false
					}
				],
				"grid": 0,
				"tags": [
					"bars"
				]
			},
			"attrs": [
				{
					"visibility": false
				},
				{
					"visibility": false
				},
				{
					"visibility": false
				}
			],
			"properties": {
				"order": 5,
				"id": 45,
				"prevSize": 24,
				"code": 58884,
				"name": "bars"
			},
			"setIdx": 0,
			"iconIdx": 4
		},
		{
			"icon": {
				"paths": [
					"M716.49 247.163l60.339 60.339-469.318 469.318-60.339-60.339 469.318-469.318z",
					"M307.51 247.163l469.318 469.318-60.339 60.339-469.318-469.318 60.339-60.339z"
				],
				"attrs": [
					{
						"visibility": false
					},
					{
						"visibility": false
					}
				],
				"grid": 0,
				"tags": [
					"cross"
				]
			},
			"attrs": [
				{
					"visibility": false
				},
				{
					"visibility": false
				}
			],
			"properties": {
				"order": 6,
				"id": 43,
				"prevSize": 24,
				"code": 58885,
				"name": "cross"
			},
			"setIdx": 0,
			"iconIdx": 5
		},
		{
			"icon": {
				"paths": [
					"M469.333 85.333h85.333v490.667h-85.333v-490.667z",
					"M512 657.664l-286.165-286.165 60.331-60.331 225.835 225.835 225.835-225.835 60.331 60.331z",
					"M576 832c0 35.346-28.654 64-64 64s-64-28.654-64-64c0-35.346 28.654-64 64-64s64 28.654 64 64z",
					"M384 832c0 35.346-28.654 64-64 64s-64-28.654-64-64c0-35.346 28.654-64 64-64s64 28.654 64 64z",
					"M768 832c0 35.346-28.654 64-64 64s-64-28.654-64-64c0-35.346 28.654-64 64-64s64 28.654 64 64z"
				],
				"attrs": [
					{
						"visibility": false
					},
					{
						"visibility": false
					},
					{
						"visibility": false
					},
					{
						"visibility": false
					},
					{
						"visibility": false
					}
				],
				"grid": 0,
				"tags": [
					"download"
				]
			},
			"attrs": [
				{
					"visibility": false
				},
				{
					"visibility": false
				},
				{
					"visibility": false
				},
				{
					"visibility": false
				},
				{
					"visibility": false
				}
			],
			"properties": {
				"order": 7,
				"id": 42,
				"prevSize": 24,
				"code": 58886,
				"name": "download"
			},
			"setIdx": 0,
			"iconIdx": 6
		},
		{
			"icon": {
				"paths": [
					"M776.533 469.333l-200.533 430.933c-12.8 21.333-38.4 38.4-64 38.4s-51.2-17.067-64-38.4l-200.533-430.933c-12.8-29.867-17.067-64-17.067-98.133-4.267-157.867 123.733-285.867 281.6-285.867s285.867 128 285.867 285.867c0 34.133-4.267 68.267-21.333 98.133zM512 226.133c-76.8 0-140.8 64-140.8 140.8s64 140.8 140.8 140.8c76.8 0 140.8-64 140.8-140.8s-64-140.8-140.8-140.8z"
				],
				"attrs": [
					{
						"visibility": false
					}
				],
				"grid": 0,
				"tags": [
					"location"
				]
			},
			"attrs": [
				{
					"visibility": false
				}
			],
			"properties": {
				"order": 48,
				"id": 39,
				"prevSize": 24,
				"code": 58887,
				"name": "location"
			},
			"setIdx": 0,
			"iconIdx": 7
		},
		{
			"icon": {
				"paths": [
					"M469.333 256h85.333v490.667h-85.333v-490.667z",
					"M512 828.331l-286.165-286.165 60.331-60.331 225.835 225.835 225.835-225.835 60.331 60.331z"
				],
				"attrs": [
					{
						"visibility": false
					},
					{
						"visibility": false
					}
				],
				"grid": 0,
				"tags": [
					"arrow-down"
				]
			},
			"attrs": [
				{
					"visibility": false
				},
				{
					"visibility": false
				}
			],
			"properties": {
				"order": 9,
				"id": 36,
				"prevSize": 24,
				"code": 58888,
				"name": "arrow-down"
			},
			"setIdx": 0,
			"iconIdx": 8
		},
		{
			"icon": {
				"paths": [
					"M277.333 469.333h490.667v85.333h-490.667v-85.333z",
					"M481.835 798.165l-286.165-286.165 286.165-286.165 60.331 60.331-225.835 225.835 225.835 225.835z"
				],
				"attrs": [
					{
						"visibility": false
					},
					{
						"visibility": false
					}
				],
				"grid": 0,
				"tags": [
					"arrow-left"
				]
			},
			"attrs": [
				{
					"visibility": false
				},
				{
					"visibility": false
				}
			],
			"properties": {
				"order": 10,
				"id": 35,
				"prevSize": 24,
				"code": 58889,
				"name": "arrow-left"
			},
			"setIdx": 0,
			"iconIdx": 9
		},
		{
			"icon": {
				"paths": [
					"M256 469.333h490.667v85.333h-490.667v-85.333z",
					"M542.165 798.165l-60.331-60.331 225.835-225.835-225.835-225.835 60.331-60.331 286.165 286.165z"
				],
				"attrs": [
					{
						"visibility": false
					},
					{
						"visibility": false
					}
				],
				"grid": 0,
				"tags": [
					"arrow-right"
				]
			},
			"attrs": [
				{
					"visibility": false
				},
				{
					"visibility": false
				}
			],
			"properties": {
				"order": 11,
				"id": 34,
				"prevSize": 24,
				"code": 58890,
				"name": "arrow-right"
			},
			"setIdx": 0,
			"iconIdx": 10
		},
		{
			"icon": {
				"paths": [
					"M469.333 277.333h85.333v490.667h-85.333v-490.667z",
					"M737.835 542.165l-225.835-225.835-225.835 225.835-60.331-60.331 286.165-286.165 286.165 286.165z"
				],
				"attrs": [
					{
						"visibility": false
					},
					{
						"visibility": false
					}
				],
				"grid": 0,
				"tags": [
					"arrow-up"
				]
			},
			"attrs": [
				{
					"visibility": false
				},
				{
					"visibility": false
				}
			],
			"properties": {
				"order": 12,
				"id": 33,
				"prevSize": 24,
				"code": 58891,
				"name": "arrow-up"
			},
			"setIdx": 0,
			"iconIdx": 11
		},
		{
			"icon": {
				"paths": [
					"M567.168 755.499l-243.499-243.499 243.499-243.499 60.331 60.331-183.168 183.168 183.168 183.168z"
				],
				"attrs": [
					{
						"visibility": false
					}
				],
				"grid": 0,
				"tags": [
					"chevron-left"
				]
			},
			"attrs": [
				{
					"visibility": false
				}
			],
			"properties": {
				"order": 13,
				"id": 44,
				"prevSize": 24,
				"code": 58892,
				"name": "chevron-left"
			},
			"setIdx": 0,
			"iconIdx": 12
		},
		{
			"icon": {
				"paths": [
					"M512 700.331l-243.499-243.499 60.331-60.331 183.168 183.168 183.168-183.168 60.331 60.331z"
				],
				"attrs": [
					{
						"visibility": false
					}
				],
				"grid": 0,
				"tags": [
					"chevron-down"
				]
			},
			"attrs": [
				{
					"visibility": false
				}
			],
			"properties": {
				"order": 14,
				"id": 32,
				"prevSize": 24,
				"code": 58893,
				"name": "chevron-down"
			},
			"setIdx": 0,
			"iconIdx": 13
		},
		{
			"icon": {
				"paths": [
					"M456.832 755.499l-60.331-60.331 183.168-183.168-183.168-183.168 60.331-60.331 243.499 243.499z"
				],
				"attrs": [
					{
						"visibility": false
					}
				],
				"grid": 0,
				"tags": [
					"chevron-right"
				]
			},
			"attrs": [
				{
					"visibility": false
				}
			],
			"properties": {
				"order": 15,
				"id": 31,
				"prevSize": 24,
				"code": 58894,
				"name": "chevron-right"
			},
			"setIdx": 0,
			"iconIdx": 14
		},
		{
			"icon": {
				"paths": [
					"M695.168 627.499l-183.168-183.168-183.168 183.168-60.331-60.331 243.499-243.499 243.499 243.499z"
				],
				"attrs": [
					{
						"visibility": false
					}
				],
				"grid": 0,
				"tags": [
					"chevron-up"
				]
			},
			"attrs": [
				{
					"visibility": false
				}
			],
			"properties": {
				"order": 16,
				"id": 30,
				"prevSize": 24,
				"code": 58895,
				"name": "chevron-up"
			},
			"setIdx": 0,
			"iconIdx": 15
		},
		{
			"icon": {
				"paths": [
					"M682.709 170.667h-42.667v-85.333h341.333v42.667h-298.667z",
					"M981.376 896h-341.333v-298.667h341.333v42.667h-298.667v213.333h298.667z",
					"M682.709 768h-341.376v-213.333h42.667v170.667h298.709z",
					"M298.667 544h-256v-106.667h256c5.803 0 10.667-4.907 10.667-10.667v-128c0-64.768 52.608-117.333 117.333-117.333h170.709c64.683 0 117.333 52.565 117.333 117.333 0 5.76 4.821 10.667 10.667 10.667h122.581v106.667h-122.581c-64.768 0-117.333-52.565-117.333-117.333 0-5.845-4.907-10.667-10.667-10.667h-170.709c-5.803 0-10.667 4.821-10.667 10.667v128c0 64.768-52.608 117.333-117.333 117.333z",
					"M812.203 484.992l211.84-122.325-211.84-122.325z"
				],
				"attrs": [
					{
						"visibility": false
					},
					{
						"visibility": false
					},
					{
						"visibility": false
					},
					{
						"visibility": false
					},
					{
						"visibility": false
					}
				],
				"grid": 0,
				"tags": [
					"decision-path"
				]
			},
			"attrs": [
				{
					"visibility": false
				},
				{
					"visibility": false
				},
				{
					"visibility": false
				},
				{
					"visibility": false
				},
				{
					"visibility": false
				}
			],
			"properties": {
				"order": 17,
				"id": 29,
				"prevSize": 24,
				"code": 58896,
				"name": "decision-path"
			},
			"setIdx": 0,
			"iconIdx": 16
		},
		{
			"icon": {
				"paths": [
					"M512 572.331l-222.165-222.165 60.331-60.331 161.835 161.835 161.835-161.835 60.331 60.331z",
					"M512 806.997l-222.165-222.165 60.331-60.331 161.835 161.835 161.835-161.835 60.331 60.331z"
				],
				"attrs": [
					{
						"visibility": false
					},
					{
						"visibility": false
					}
				],
				"grid": 0,
				"tags": [
					"double-chevron-down"
				]
			},
			"attrs": [
				{
					"visibility": false
				},
				{
					"visibility": false
				}
			],
			"properties": {
				"order": 18,
				"id": 28,
				"prevSize": 24,
				"code": 58897,
				"name": "double-chevron-down"
			},
			"setIdx": 0,
			"iconIdx": 17
		},
		{
			"icon": {
				"paths": [
					"M673.835 734.165l-222.165-222.165 222.165-222.165 60.331 60.331-161.835 161.835 161.835 161.835z",
					"M439.168 734.165l-222.165-222.165 222.165-222.165 60.331 60.331-161.835 161.835 161.835 161.835z"
				],
				"attrs": [
					{
						"visibility": false
					},
					{
						"visibility": false
					}
				],
				"grid": 0,
				"tags": [
					"double-chevron-left"
				]
			},
			"attrs": [
				{
					"visibility": false
				},
				{
					"visibility": false
				}
			],
			"properties": {
				"order": 19,
				"id": 27,
				"prevSize": 24,
				"code": 58898,
				"name": "double-chevron-left"
			},
			"setIdx": 0,
			"iconIdx": 18
		},
		{
			"icon": {
				"paths": [
					"M350.165 734.165l-60.331-60.331 161.835-161.835-161.835-161.835 60.331-60.331 222.165 222.165z",
					"M584.832 734.165l-60.331-60.331 161.835-161.835-161.835-161.835 60.331-60.331 222.165 222.165z"
				],
				"attrs": [
					{
						"visibility": false
					},
					{
						"visibility": false
					}
				],
				"grid": 0,
				"tags": [
					"double-chevron-right"
				]
			},
			"attrs": [
				{
					"visibility": false
				},
				{
					"visibility": false
				}
			],
			"properties": {
				"order": 20,
				"id": 26,
				"prevSize": 24,
				"code": 58899,
				"name": "double-chevron-right"
			},
			"setIdx": 0,
			"iconIdx": 19
		},
		{
			"icon": {
				"paths": [
					"M673.835 734.165l-161.835-161.835-161.835 161.835-60.331-60.331 222.165-222.165 222.165 222.165z",
					"M673.835 499.499l-161.835-161.835-161.835 161.835-60.331-60.331 222.165-222.165 222.165 222.165z"
				],
				"attrs": [
					{
						"visibility": false
					},
					{
						"visibility": false
					}
				],
				"grid": 0,
				"tags": [
					"double-chevron-up"
				]
			},
			"attrs": [
				{
					"visibility": false
				},
				{
					"visibility": false
				}
			],
			"properties": {
				"order": 21,
				"id": 25,
				"prevSize": 24,
				"code": 58900,
				"name": "double-chevron-up"
			},
			"setIdx": 0,
			"iconIdx": 20
		},
		{
			"icon": {
				"paths": [
					"M42.667 42.667h170.667v170.667h-170.667v-170.667z",
					"M256 85.333h384v85.333h-384v-85.333z",
					"M810.667 298.667h170.667v170.667h-170.667v-170.667z",
					"M384 341.333h384v85.333h-384v-85.333z",
					"M810.667 554.667h170.667v170.667h-170.667v-170.667z",
					"M384 597.333h384v85.333h-384v-85.333z",
					"M810.667 810.667h170.667v170.667h-170.667v-170.667z",
					"M384 853.333h384v85.333h-384v-85.333z"
				],
				"attrs": [
					{
						"visibility": false
					},
					{
						"visibility": false
					},
					{
						"visibility": false
					},
					{
						"visibility": false
					},
					{
						"visibility": false
					},
					{
						"visibility": false
					},
					{
						"visibility": false
					},
					{
						"visibility": false
					}
				],
				"grid": 0,
				"tags": [
					"generate"
				]
			},
			"attrs": [
				{
					"visibility": false
				},
				{
					"visibility": false
				},
				{
					"visibility": false
				},
				{
					"visibility": false
				},
				{
					"visibility": false
				},
				{
					"visibility": false
				},
				{
					"visibility": false
				},
				{
					"visibility": false
				}
			],
			"properties": {
				"order": 22,
				"id": 24,
				"prevSize": 24,
				"code": 58901,
				"name": "generate"
			},
			"setIdx": 0,
			"iconIdx": 21
		},
		{
			"icon": {
				"paths": [
					"M320.683 725.333h361.984v-361.984z"
				],
				"attrs": [
					{
						"visibility": false
					}
				],
				"grid": 0,
				"tags": [
					"triangle-down-right"
				]
			},
			"attrs": [
				{
					"visibility": false
				}
			],
			"properties": {
				"order": 23,
				"id": 23,
				"prevSize": 24,
				"code": 58902,
				"name": "triangle-down-right"
			},
			"setIdx": 0,
			"iconIdx": 22
		},
		{
			"icon": {
				"paths": [
					"M256 384l256 256 256-256z"
				],
				"attrs": [
					{
						"visibility": false
					}
				],
				"grid": 0,
				"tags": [
					"triangle-down"
				]
			},
			"attrs": [
				{
					"visibility": false
				}
			],
			"properties": {
				"order": 24,
				"id": 22,
				"prevSize": 24,
				"code": 58903,
				"name": "triangle-down"
			},
			"setIdx": 0,
			"iconIdx": 23
		},
		{
			"icon": {
				"paths": [
					"M640 256l-256 256 256 256z"
				],
				"attrs": [
					{
						"visibility": false
					}
				],
				"grid": 0,
				"tags": [
					"triangle-left"
				]
			},
			"attrs": [
				{
					"visibility": false
				}
			],
			"properties": {
				"order": 25,
				"id": 21,
				"prevSize": 24,
				"code": 58904,
				"name": "triangle-left"
			},
			"setIdx": 0,
			"iconIdx": 24
		},
		{
			"icon": {
				"paths": [
					"M384 768l256-256-256-256z"
				],
				"attrs": [
					{
						"visibility": false
					}
				],
				"grid": 0,
				"tags": [
					"triangle-right"
				]
			},
			"attrs": [
				{
					"visibility": false
				}
			],
			"properties": {
				"order": 26,
				"id": 20,
				"prevSize": 24,
				"code": 58905,
				"name": "triangle-right"
			},
			"setIdx": 0,
			"iconIdx": 25
		},
		{
			"icon": {
				"paths": [
					"M768 640l-256-256-256 256z"
				],
				"attrs": [
					{
						"visibility": false
					}
				],
				"grid": 0,
				"tags": [
					"triangle-up"
				]
			},
			"attrs": [
				{
					"visibility": false
				}
			],
			"properties": {
				"order": 27,
				"id": 19,
				"prevSize": 24,
				"code": 58906,
				"name": "triangle-up"
			},
			"setIdx": 0,
			"iconIdx": 26
		},
		{
			"icon": {
				"paths": [
					"M810.667 810.667h-85.333c0-235.264-191.403-426.667-426.667-426.667v-85.333c282.325 0 512 229.675 512 512z",
					"M342.656 549.632l-142.037-246.016 246.016-141.995 42.667 73.941-172.075 99.328 99.371 172.075z"
				],
				"attrs": [
					{
						"visibility": false
					},
					{
						"visibility": false
					}
				],
				"grid": 0,
				"tags": [
					"arrow-back"
				]
			},
			"attrs": [
				{
					"visibility": false
				},
				{
					"visibility": false
				}
			],
			"properties": {
				"order": 28,
				"id": 18,
				"prevSize": 24,
				"code": 58907,
				"name": "arrow-back"
			},
			"setIdx": 0,
			"iconIdx": 27
		},
		{
			"icon": {
				"paths": [
					"M522.667 298.667h21.333v405.333h-21.333v-405.333z",
					"M533.333 740.437l-178.219-178.219 15.104-15.104 163.115 163.115 163.115-163.115 15.104 15.104z"
				],
				"attrs": [
					{
						"visibility": false
					},
					{
						"visibility": false
					}
				],
				"grid": 0,
				"tags": [
					"arrow-down-lean"
				]
			},
			"attrs": [
				{
					"visibility": false
				},
				{
					"visibility": false
				}
			],
			"properties": {
				"order": 29,
				"id": 17,
				"prevSize": 24,
				"code": 58908,
				"name": "arrow-down-lean"
			},
			"setIdx": 0,
			"iconIdx": 28
		},
		{
			"icon": {
				"paths": [
					"M298.667 810.667h-85.333c0-282.325 229.675-512 512-512v85.333c-235.264 0-426.667 191.403-426.667 426.667z",
					"M681.387 549.632l-73.941-42.667 99.371-172.075-172.075-99.328 42.667-73.941 246.016 141.995z"
				],
				"attrs": [
					{
						"visibility": false
					},
					{
						"visibility": false
					}
				],
				"grid": 0,
				"tags": [
					"arrow-forward"
				]
			},
			"attrs": [
				{
					"visibility": false
				},
				{
					"visibility": false
				}
			],
			"properties": {
				"order": 30,
				"id": 16,
				"prevSize": 24,
				"code": 58909,
				"name": "arrow-forward"
			},
			"setIdx": 0,
			"iconIdx": 29
		},
		{
			"icon": {
				"paths": [
					"M320 480h405.333v21.333h-405.333v-21.333z",
					"M461.781 668.885l-178.219-178.219 178.219-178.219 15.104 15.104-163.115 163.115 163.115 163.115z"
				],
				"attrs": [
					{
						"visibility": false
					},
					{
						"visibility": false
					}
				],
				"grid": 0,
				"tags": [
					"arrow-left-lean"
				]
			},
			"attrs": [
				{
					"visibility": false
				},
				{
					"visibility": false
				}
			],
			"properties": {
				"order": 31,
				"id": 15,
				"prevSize": 24,
				"code": 58910,
				"name": "arrow-left-lean"
			},
			"setIdx": 0,
			"iconIdx": 30
		},
		{
			"icon": {
				"paths": [
					"M298.667 480h405.333v21.333h-405.333v-21.333z",
					"M562.219 668.885l-15.104-15.104 163.115-163.115-163.115-163.115 15.104-15.104 178.219 178.219z"
				],
				"attrs": [
					{
						"visibility": false
					},
					{
						"visibility": false
					}
				],
				"grid": 0,
				"tags": [
					"arrow-right-lean"
				]
			},
			"attrs": [
				{
					"visibility": false
				},
				{
					"visibility": false
				}
			],
			"properties": {
				"order": 32,
				"id": 14,
				"prevSize": 24,
				"code": 58911,
				"name": "arrow-right-lean"
			},
			"setIdx": 0,
			"iconIdx": 31
		},
		{
			"icon": {
				"paths": [
					"M522.667 320h21.333v405.333h-21.333v-405.333z",
					"M696.448 476.885l-163.115-163.115-163.115 163.115-15.104-15.104 178.219-178.219 178.219 178.219z"
				],
				"attrs": [
					{
						"visibility": false
					},
					{
						"visibility": false
					}
				],
				"grid": 0,
				"tags": [
					"arrow-up-lean"
				]
			},
			"attrs": [
				{
					"visibility": false
				},
				{
					"visibility": false
				}
			],
			"properties": {
				"order": 33,
				"id": 13,
				"prevSize": 24,
				"code": 58912,
				"name": "arrow-up-lean"
			},
			"setIdx": 0,
			"iconIdx": 32
		},
		{
			"icon": {
				"paths": [
					"M304 586.667c0 114.859 93.141 208 208 208s208-93.141 208-208-93.141-208-208-208-208 93.141-208 208zM960 234.667h-224c-16-64-32-128-96-128h-256c-64 0-80 64-96 128h-224c-35.2 0-64 28.8-64 64v576c0 35.2 28.8 64 64 64h896c35.2 0 64-28.8 64-64v-576c0-35.2-28.8-64-64-64zM512 870.656c-156.843 0-283.989-127.147-283.989-283.989s127.147-283.989 283.989-283.989 283.989 127.147 283.989 283.989-127.147 283.989-283.989 283.989zM981.333 426.667h-128v-85.333h128v85.333z"
				],
				"attrs": [
					{
						"visibility": false
					}
				],
				"grid": 0,
				"tags": [
					"camera"
				]
			},
			"attrs": [
				{
					"visibility": false
				}
			],
			"properties": {
				"order": 34,
				"id": 12,
				"prevSize": 24,
				"code": 58913,
				"name": "camera"
			},
			"setIdx": 0,
			"iconIdx": 33
		},
		{
			"icon": {
				"paths": [
					"M467.413 719.701l-220.245-220.203 60.331-60.331 163.755 163.797 311.339-272.427 56.149 64.256z"
				],
				"attrs": [
					{
						"visibility": false
					}
				],
				"grid": 0,
				"tags": [
					"checkmark"
				]
			},
			"attrs": [
				{
					"visibility": false
				}
			],
			"properties": {
				"order": 35,
				"id": 11,
				"prevSize": 24,
				"code": 58914,
				"name": "checkmark"
			},
			"setIdx": 0,
			"iconIdx": 34
		},
		{
			"icon": {
				"paths": [
					"M853.333 224c0 70.692-152.82 128-341.333 128s-341.333-57.308-341.333-128c0-70.692 152.82-128 341.333-128s341.333 57.308 341.333 128z",
					"M512 426.667c-188.501 0-341.333-57.301-341.333-128v128c0 70.699 152.832 128 341.333 128s341.333-57.301 341.333-128v-128c0 70.699-152.832 128-341.333 128z",
					"M512 618.667c-188.501 0-341.333-57.301-341.333-128v128c0 70.699 152.832 128 341.333 128s341.333-57.301 341.333-128v-128c0 70.699-152.832 128-341.333 128z",
					"M512 810.667c-188.501 0-341.333-57.301-341.333-128v128c0 70.699 152.832 128 341.333 128s341.333-57.301 341.333-128v-128c0 70.699-152.832 128-341.333 128z"
				],
				"attrs": [
					{
						"visibility": false
					},
					{
						"visibility": false
					},
					{
						"visibility": false
					},
					{
						"visibility": false
					}
				],
				"grid": 0,
				"tags": [
					"database"
				]
			},
			"attrs": [
				{
					"visibility": false
				},
				{
					"visibility": false
				},
				{
					"visibility": false
				},
				{
					"visibility": false
				}
			],
			"properties": {
				"order": 36,
				"id": 10,
				"prevSize": 24,
				"code": 58915,
				"name": "database"
			},
			"setIdx": 0,
			"iconIdx": 35
		},
		{
			"icon": {
				"paths": [
					"M512 128c-212.267 0-384 171.733-384 384s171.733 384 384 384 384-171.733 384-384-171.733-384-384-384zM405.333 725.333v-426.667l298.667 213.333-298.667 213.333z"
				],
				"attrs": [
					{
						"visibility": false
					}
				],
				"grid": 0,
				"tags": [
					"play"
				]
			},
			"attrs": [
				{
					"visibility": false
				}
			],
			"properties": {
				"order": 37,
				"id": 9,
				"prevSize": 24,
				"code": 58916,
				"name": "play"
			},
			"setIdx": 0,
			"iconIdx": 36
		},
		{
			"icon": {
				"paths": [
					"M554.667 853.333c-91.093 0-176.768-35.499-241.323-99.925l60.288-60.416c48.469 48.384 112.725 75.008 181.035 75.008s132.565-26.624 181.035-75.008c48.341-48.256 74.965-112.555 74.965-180.992s-26.624-132.736-74.965-180.992c-48.469-48.384-112.725-75.008-181.035-75.008s-132.565 26.624-181.035 75.008c-48.341 48.256-74.965 112.555-74.965 180.992h-85.333c0-91.307 35.499-176.981 100.011-241.408 64.555-64.427 150.229-99.925 241.323-99.925s176.768 35.499 241.323 99.925c64.512 64.427 100.011 150.101 100.011 241.408s-35.499 176.981-100.011 241.408c-64.555 64.427-150.229 99.925-241.323 99.925z",
					"M258.261 698.112l-179.328-153.728 55.467-64.768 119.339 102.272 100.096-100.053 60.331 60.331z",
					"M213.333 512h85.333v85.333h-85.333v-85.333z"
				],
				"attrs": [
					{
						"visibility": false
					},
					{
						"visibility": false
					},
					{
						"visibility": false
					}
				],
				"grid": 0,
				"tags": [
					"refresh"
				]
			},
			"attrs": [
				{
					"visibility": false
				},
				{
					"visibility": false
				},
				{
					"visibility": false
				}
			],
			"properties": {
				"order": 38,
				"id": 8,
				"prevSize": 24,
				"code": 58917,
				"name": "refresh"
			},
			"setIdx": 0,
			"iconIdx": 37
		},
		{
			"icon": {
				"paths": [
					"M341.333 725.333v-554.667h-85.333v554.667h-85.333l128 128 128-128z",
					"M704 469.931h-53.333v-288h-74.667v-53.333h128z",
					"M746.667 662.187c0-46.933-38.4-85.333-85.333-85.333s-85.333 38.4-85.333 85.333v32c0 46.933 38.4 85.333 85.333 85.333 11.221 0 21.845-2.347 31.659-6.272v11.221c0 28.928-20.053 58.752-44.544 58.752h-50.517v53.333h50.517c54.315 0 97.877-53.248 97.877-112.085v-80.043h-0.725c0.427-3.413 1.024-6.741 1.024-10.24v-32zM661.333 726.187c-17.323 0-32-14.677-32-32v-32c0-17.323 14.677-32 32-32s32 14.677 32 32v32c0 17.323-14.677 32-32 32z"
				],
				"attrs": [
					{
						"visibility": false
					},
					{
						"visibility": false
					},
					{
						"visibility": false
					}
				],
				"grid": 0,
				"tags": [
					"sort_1_9"
				]
			},
			"attrs": [
				{
					"visibility": false
				},
				{
					"visibility": false
				},
				{
					"visibility": false
				}
			],
			"properties": {
				"order": 39,
				"id": 7,
				"prevSize": 24,
				"code": 58918,
				"name": "sort_1_9"
			},
			"setIdx": 0,
			"iconIdx": 38
		},
		{
			"icon": {
				"paths": [
					"M341.333 725.333v-554.667h-85.333v554.667h-85.333l128 128 128-128z",
					"M704 896h-53.333v-288h-74.667v-53.333h128z",
					"M746.667 213.333c0-46.933-38.4-85.333-85.333-85.333s-85.333 38.4-85.333 85.333v32c0 46.933 38.4 85.333 85.333 85.333 11.221 0 21.845-2.347 31.659-6.272v11.221c0 28.928-20.053 58.752-44.544 58.752h-50.517v53.333h50.517c54.315 0 97.877-53.248 97.877-112.085v-80.043h-0.725c0.427-3.413 1.024-6.741 1.024-10.24v-32zM661.333 277.333c-17.323 0-32-14.677-32-32v-32c0-17.323 14.677-32 32-32s32 14.677 32 32v32c0 17.323-14.677 32-32 32z"
				],
				"attrs": [
					{
						"visibility": false
					},
					{
						"visibility": false
					},
					{
						"visibility": false
					}
				],
				"grid": 0,
				"tags": [
					"sort_9_1"
				]
			},
			"attrs": [
				{
					"visibility": false
				},
				{
					"visibility": false
				},
				{
					"visibility": false
				}
			],
			"properties": {
				"order": 40,
				"id": 6,
				"prevSize": 24,
				"code": 58919,
				"name": "sort_9_1"
			},
			"setIdx": 0,
			"iconIdx": 39
		},
		{
			"icon": {
				"paths": [
					"M341.333 725.333v-554.667h-85.333v554.667h-85.333l128 128 128-128z",
					"M622.592 832l145.408-225.749v-51.584h-234.667v64h145.408l-145.408 225.707v51.627h234.667v-64z",
					"M654.123 128h-28.245l-156.544 320h64l43.179-90.667h127.019l43.136 90.667h64l-156.544-320zM601.899 304l38.101-80 38.101 80h-76.203z"
				],
				"attrs": [
					{
						"visibility": false
					},
					{
						"visibility": false
					},
					{
						"visibility": false
					}
				],
				"grid": 0,
				"tags": [
					"sort_a_z"
				]
			},
			"attrs": [
				{
					"visibility": false
				},
				{
					"visibility": false
				},
				{
					"visibility": false
				}
			],
			"properties": {
				"order": 41,
				"id": 5,
				"prevSize": 24,
				"code": 58920,
				"name": "sort_a_z"
			},
			"setIdx": 0,
			"iconIdx": 40
		},
		{
			"icon": {
				"paths": [
					"M341.333 725.333v-554.667h-85.333v554.667h-85.333l128 128 128-128z",
					"M622.592 405.333l145.408-225.749v-51.584h-234.667v64h145.408l-145.408 225.707v51.627h234.667v-64z",
					"M654.123 576h-28.245l-156.544 320h64l43.179-90.667h127.019l43.136 90.667h64l-156.544-320zM601.899 752l38.101-80 38.101 80h-76.203z"
				],
				"attrs": [
					{
						"visibility": false
					},
					{
						"visibility": false
					},
					{
						"visibility": false
					}
				],
				"grid": 0,
				"tags": [
					"sort_z_a"
				]
			},
			"attrs": [
				{
					"visibility": false
				},
				{
					"visibility": false
				},
				{
					"visibility": false
				}
			],
			"properties": {
				"order": 42,
				"id": 2,
				"prevSize": 24,
				"code": 58921,
				"name": "sort_z_a"
			},
			"setIdx": 0,
			"iconIdx": 41
		},
		{
			"icon": {
				"paths": [
					"M341.333 725.333v-554.667h-85.333v554.667h-85.333l128 128 128-128z",
					"M469.333 170.667h384v85.333h-384v-85.333z",
					"M469.333 341.333h298.667v85.333h-298.667v-85.333z",
					"M469.333 512h213.333v85.333h-213.333v-85.333z"
				],
				"attrs": [
					{
						"visibility": false
					},
					{
						"visibility": false
					},
					{
						"visibility": false
					},
					{
						"visibility": false
					}
				],
				"grid": 0,
				"tags": [
					"sort_much_little"
				]
			},
			"attrs": [
				{
					"visibility": false
				},
				{
					"visibility": false
				},
				{
					"visibility": false
				},
				{
					"visibility": false
				}
			],
			"properties": {
				"order": 43,
				"id": 3,
				"prevSize": 24,
				"code": 58922,
				"name": "sort_much_little"
			},
			"setIdx": 0,
			"iconIdx": 42
		},
		{
			"icon": {
				"paths": [
					"M341.333 725.333v-554.667h-85.333v554.667h-85.333l128 128 128-128z",
					"M469.333 512h384v85.333h-384v-85.333z",
					"M469.333 341.333h298.667v85.333h-298.667v-85.333z",
					"M469.333 170.667h213.333v85.333h-213.333v-85.333z"
				],
				"attrs": [
					{
						"visibility": false
					},
					{
						"visibility": false
					},
					{
						"visibility": false
					},
					{
						"visibility": false
					}
				],
				"grid": 0,
				"tags": [
					"sort_little_much"
				]
			},
			"attrs": [
				{
					"visibility": false
				},
				{
					"visibility": false
				},
				{
					"visibility": false
				},
				{
					"visibility": false
				}
			],
			"properties": {
				"order": 44,
				"id": 4,
				"prevSize": 24,
				"code": 58923,
				"name": "sort_little_much"
			},
			"setIdx": 0,
			"iconIdx": 43
		},
		{
			"icon": {
				"paths": [
					"M42.667 384l213.333 213.333 213.333-213.333z",
					"M981.333 640l-213.333-213.333-213.333 213.333z"
				],
				"attrs": [
					{
						"visibility": false
					},
					{
						"visibility": false
					}
				],
				"grid": 0,
				"tags": [
					"sort_sortable"
				]
			},
			"attrs": [
				{
					"visibility": false
				},
				{
					"visibility": false
				}
			],
			"properties": {
				"order": 47,
				"id": 46,
				"prevSize": 24,
				"code": 58926,
				"name": "sort_sortable"
			},
			"setIdx": 0,
			"iconIdx": 44
		},
		{
			"icon": {
				"paths": [
					"M853.333 170.667v682.667h-682.667v-682.667h682.667zM938.667 85.333h-853.333v853.333h853.333v-853.333z"
				],
				"attrs": [
					{
						"visibility": false
					}
				],
				"grid": 0,
				"tags": [
					"square_empty"
				]
			},
			"attrs": [
				{
					"visibility": false
				}
			],
			"properties": {
				"order": 45,
				"id": 1,
				"prevSize": 24,
				"code": 58924,
				"name": "square_empty"
			},
			"setIdx": 0,
			"iconIdx": 45
		},
		{
			"icon": {
				"paths": [
					"M938.667 85.333h-853.333v853.333h853.333v-853.333z"
				],
				"attrs": [
					{
						"visibility": false
					}
				],
				"grid": 0,
				"tags": [
					"square_full"
				]
			},
			"attrs": [
				{
					"visibility": false
				}
			],
			"properties": {
				"order": 46,
				"id": 0,
				"prevSize": 24,
				"code": 58925,
				"name": "square_full"
			},
			"setIdx": 0,
			"iconIdx": 46
		}
	],
	"height": 1024,
	"metadata": {
		"name": "app2",
		"url": "",
		"designer": "Naturalis",
		"designerURL": "http://www.naturalis.nl",
		"license": "Copyright Naturalis Biodiversity Center"
	},
	"preferences": {
		"showGlyphs": true,
		"showQuickUse": true,
		"fontPref": {
			"prefix": "icon-",
			"metadata": {
				"fontFamily": "app2",
				"majorVersion": 1,
				"minorVersion": 1,
				"fontURL": "",
				"designer": "Naturalis",
				"designerURL": "http://www.naturalis.nl",
				"license": "Copyright Naturalis Biodiversity Center"
			},
			"metrics": {
				"emSize": 512,
				"baseline": 6.25,
				"whitespace": 50
			},
			"includeMetadata": false,
			"embed": true,
			"showMetrics": true,
			"showMetadata": true,
			"showVersion": true,
			"resetPoint": 58880
		},
		"imagePref": {
			"color": 16711754,
			"height": 24,
			"columns": 8,
			"margin": 24,
			"sprites": true,
			"png": true
		},
		"historySize": 100,
		"showCodes": true,
		"search": "",
		"gridSize": 16,
		"showLiga": false,
		"showQuickUse2": true,
		"showSVGs": true
	}
}